{"stats":{"minecraft:killed":{"minecraft:spider":1},"minecraft:used":{"minecraft:bedrock":1,"minecraft:mace":1,"minecraft:spider_spawn_egg":1},"minecraft:picked_up":{"minecraft:spider_eye":1,"minecraft:string":1},"minecraft:custom":{"minecraft:jump":2,"minecraft:time_since_rest":9566,"minecraft:damage_dealt":160,"minecraft:leave_game":3,"minecraft:play_time":9566,"minecraft:sprint_one_cm":55,"minecraft:time_since_death":9566,"minecraft:walk_one_cm":145,"minecraft:sneak_time":284,"minecraft:total_world_time":9627,"minecraft:mob_kills":1,"minecraft:fly_one_cm":417445}},"DataVersion":3823}