{"stats":{"minecraft:custom":{"minecraft:time_since_rest":184622,"minecraft:crouch_one_cm":1151,"minecraft:sprint_one_cm":182970,"minecraft:play_time":184622,"minecraft:damage_taken":30,"minecraft:walk_one_cm":113109,"minecraft:sneak_time":3375,"minecraft:walk_under_water_one_cm":360,"minecraft:interact_with_lectern":13,"minecraft:jump":1158,"minecraft:leave_game":9,"minecraft:walk_on_water_one_cm":651,"minecraft:time_since_death":184622,"minecraft:climb_one_cm":16,"minecraft:total_world_time":191313,"minecraft:fall_one_cm":569,"minecraft:fly_one_cm":1355304,"minecraft:inspect_dispenser":3},"minecraft:picked_up":{"minecraft:arrow":14,"minecraft:tripwire_hook":8},"minecraft:used":{"minecraft:structure_block":136,"minecraft:bedrock":16,"minecraft:writable_book":10,"minecraft:suspicious_sand":22,"minecraft:oak_sign":1,"minecraft:lectern":1,"minecraft:trial_spawner":5}},"DataVersion":3690}